{
  "properties": [
    {
      "id": 1,
      "type": "1-комнатная квартира",
      "title": "Уютная квартира в центре",
      "price": 3500,
      "address": "ул. Тверская, д. 15",
      "area": "35 м²",
      "rooms": 1,
      "floor": "5/9",
      "amenities": ["Wi-Fi", "Кухня", "Стиральная машина", "Кондиционер"],
      "description": "Светлая и уютная квартира в самом центре города. Рядом метро, магазины и кафе.",
      "images": [
        "/images/apt1/main.jpg",
        "/images/apt1/kitchen.jpg",
        "/images/apt1/bedroom.jpg",
        "/images/apt1/bathroom.jpg"
      ],
      "available": true,
      "rating": 4.8,
      "reviews": 23
    },
    {
      "id": 2,
      "type": "2-комнатная квартира",
      "title": "Просторная квартира для семьи",
      "price": 5500,
      "address": "ул. Арбат, д. 28",
      "area": "58 м²",
      "rooms": 2,
      "floor": "3/7",
      "amenities": ["Wi-Fi", "Кухня", "Стиральная машина", "Балкон", "Парковка"],
      "description": "Идеальный вариант для семейного отдыха. Две спальни, просторная кухня-гостиная.",
      "images": [
        "/images/apt2/main.jpg",
        "/images/apt2/living.jpg",
        "/images/apt2/bedroom1.jpg",
        "/images/apt2/bedroom2.jpg",
        "/images/apt2/kitchen.jpg"
      ],
      "available": true,
      "rating": 4.9,
      "reviews": 15
    },
    {
      "id": 3,
      "type": "Студия",
      "title": "Современная студия",
      "price": 3000,
      "address": "ул. Новый Арбат, д. 5",
      "area": "28 м²",
      "rooms": 1,
      "floor": "12/25",
      "amenities": ["Wi-Fi", "Кухня", "Кондиционер", "Панорамные окна"],
      "description": "Стильная студия с панорамными окнами и видом на город. Отличное расположение.",
      "images": [
        "/images/studio1/main.jpg",
        "/images/studio1/kitchen.jpg",
        "/images/studio1/bathroom.jpg"
      ],
      "available": false,
      "rating": 4.7,
      "reviews": 8
    },
    {
      "id": 4,
      "type": "3-комнатная квартира",
      "title": "Элитная квартира с видом",
      "price": 8500,
      "address": "Кутузовский проспект, д. 45",
      "area": "85 м²",
      "rooms": 3,
      "floor": "15/20",
      "amenities": ["Wi-Fi", "Кухня", "2 санузла", "Джакузи", "Консьерж", "Парковка"],
      "description": "Роскошная квартира в престижном районе с видом на Москву-реку.",
      "images": [
        "/images/apt3/main.jpg",
        "/images/apt3/living.jpg",
        "/images/apt3/master.jpg",
        "/images/apt3/kitchen.jpg",
        "/images/apt3/bathroom.jpg",
        "/images/apt3/view.jpg"
      ],
      "available": true,
      "rating": 5.0,
      "reviews": 12
    },
    {
      "id": 5,
      "type": "Загородный дом",
      "title": "Дом с участком за городом",
      "price": 12000,
      "address": "Подмосковье, с. Николино",
      "area": "120 м²",
      "rooms": 4,
      "floor": "2 этажа",
      "amenities": ["Wi-Fi", "Кухня", "Камин", "Баня", "Участок 10 соток", "Парковка"],
      "description": "Уютный загородный дом для отдыха на природе. Идеально для больших компаний.",
      "images": [
        "/images/house1/main.jpg",
        "/images/house1/living.jpg",
        "/images/house1/kitchen.jpg",
        "/images/house1/bedroom.jpg",
        "/images/house1/bathroom.jpg",
        "/images/house1/garden.jpg",
        "/images/house1/sauna.jpg"
      ],
      "available": true,
      "rating": 4.9,
      "reviews": 6
    },
    {
      "id": 6,
      "type": "Пентхаус",
      "title": "Роскошный пентхаус",
      "price": 15000,
      "address": "ул. Остоженка, д. 12",
      "area": "150 м²",
      "rooms": 4,
      "floor": "25/25",
      "amenities": ["Wi-Fi", "Кухня", "3 санузла", "Терраса", "Джакузи", "Консьерж", "Лифт"],
      "description": "Эксклюзивный пентхаус с террасой и потрясающим видом на центр Москвы.",
      "images": [
        "/images/penthouse/main.jpg",
        "/images/penthouse/living.jpg",
        "/images/penthouse/master.jpg",
        "/images/penthouse/kitchen.jpg",
        "/images/penthouse/terrace.jpg",
        "/images/penthouse/bathroom.jpg",
        "/images/penthouse/view.jpg"
      ],
      "available": true,
      "rating": 5.0,
      "reviews": 4
    }
  ]
}
